<?xml version="1.0" encoding="UTF-8" standalone="yes"?>
<MakerManagerMachines>
    <machines>
        <machineName>oldupbox</machineName>
        <status>ENABLED</status>
        <jobs>
            <name>gears</name>
            <machine>oldupbox</machine>
            <owner>
                <name>saif</name>
                <phone>000</phone>
                <email>0@u.nus.edu</email>
                <address>000</address>
            </owner>
            <addedTime>
                <timeStamp>1541572963615</timeStamp>
            </addedTime>
            <startTime>
                <timeStamp>1541572963615</timeStamp>
            </startTime>
            <priority>NORMAL</priority>
            <duration>5400000</duration>
            <status>QUEUED</status>
            <note>Personal Project</note>
        </jobs>
        <jobs>
            <name>chassis</name>
            <machine>oldupbox</machine>
            <owner>
                <name>Colin</name>
                <phone>000</phone>
                <email>0@u.nus.edu</email>
                <address>000</address>
            </owner>
            <addedTime>
                <timeStamp>1541573836047</timeStamp>
            </addedTime>
            <startTime>
                <timeStamp>1541573836047</timeStamp>
            </startTime>
            <priority>HIGH</priority>
            <duration>5400000</duration>
            <status>QUEUED</status>
            <tagged>SchoolProject</tagged>
            <note>This is the chassis for the mBot for CG1112</note>
        </jobs>
        <jobs>
            <name>wheels</name>
            <machine>oldupbox</machine>
            <owner>
                <name>Jun Jie</name>
                <phone>000</phone>
                <email>0@u.nus.edu</email>
                <address>000</address>
            </owner>
            <addedTime>
                <timeStamp>1541573943497</timeStamp>
            </addedTime>
            <startTime>
                <timeStamp>1541573943497</timeStamp>
            </startTime>
            <priority>URGENT</priority>
            <duration>3600000</duration>
            <status>CANCELLED</status>
            <tagged>SchoolProject</tagged>
            <note>A new set of wheels for my robot</note>
        </jobs>
        <jobs>
            <name>lunchbox</name>
            <machine>oldupbox</machine>
            <owner>
                <name>Rou Bing</name>
                <phone>000</phone>
                <email>0@u.nus.edu</email>
                <address>000</address>
            </owner>
            <addedTime>
                <timeStamp>1541575052587</timeStamp>
            </addedTime>
            <startTime>
                <timeStamp>1541575063732</timeStamp>
            </startTime>
            <priority>NORMAL</priority>
            <duration>36000</duration>
            <status>FINISHED</status>
            <tagged>Personal</tagged>
            <note>A personal lunchbox to take to school</note>
        </jobs>
    </machines>
    <machines>
        <machineName>ultimaker</machineName>
        <status>ENABLED</status>
        <jobs>
            <name>laptopstand</name>
            <machine>ultimaker</machine>
            <owner>
                <name>Tian Yuan</name>
                <phone>000</phone>
                <email>0@u.nus.edu</email>
                <address>000</address>
            </owner>
            <addedTime>
                <timeStamp>1541574310432</timeStamp>
            </addedTime>
            <startTime>
                <timeStamp>1541574310432</timeStamp>
            </startTime>
            <priority>NORMAL</priority>
            <duration>3600000</duration>
            <status>QUEUED</status>
            <tagged>Personal</tagged>
            <note>A personalized laptop stand for my own convenience</note>
        </jobs>
        <jobs>
            <name>batterycontainer</name>
            <machine>ultimaker</machine>
            <owner>
                <name>Shervon</name>
                <phone>000</phone>
                <email>0@u.nus.edu</email>
                <address>000</address>
            </owner>
            <addedTime>
                <timeStamp>1541574727692</timeStamp>
            </addedTime>
            <startTime>
                <timeStamp>1541574727692</timeStamp>
            </startTime>
            <priority>HIGH</priority>
            <duration>2880000</duration>
            <status>QUEUED</status>
            <tagged>SchoolProject</tagged>
            <note>Battery compartment for our CG1111 mbot</note>
        </jobs>
    </machines>
    <machines>
        <machineName>mbot</machineName>
        <status>ENABLED</status>
        <jobs>
            <name>cup</name>
            <machine>mbot</machine>
            <owner>
                <name>Zayn</name>
                <phone>000</phone>
                <email>0@u.nus.edu</email>
                <address>000</address>
            </owner>
            <addedTime>
                <timeStamp>1541574432557</timeStamp>
            </addedTime>
            <startTime>
                <timeStamp>1541574432557</timeStamp>
            </startTime>
            <priority>NORMAL</priority>
            <duration>540000</duration>
            <status>QUEUED</status>
            <tagged>Personal</tagged>
            <note>A new cup for my dormitory usage</note>
        </jobs>
        <jobs>
            <name>coinbox</name>
            <machine>mbot</machine>
            <owner>
                <name>Yim Fun</name>
                <phone>000</phone>
                <email>0@u.nus.edu</email>
                <address>000</address>
            </owner>
            <addedTime>
                <timeStamp>1541574831674</timeStamp>
            </addedTime>
            <startTime>
                <timeStamp>1541574831674</timeStamp>
            </startTime>
            <priority>NORMAL</priority>
            <duration>3600000</duration>
            <status>QUEUED</status>
            <tagged>Work</tagged>
            <note>A personal donation coin box for goGreen initiative</note>
        </jobs>
        <jobs>
            <name>stool</name>
            <machine>mbot</machine>
            <owner>
                <name>Kok Yi Liang</name>
                <phone>000</phone>
                <email>0@u.nus.edu</email>
                <address>000</address>
            </owner>
            <addedTime>
                <timeStamp>1541574909339</timeStamp>
            </addedTime>
            <startTime>
                <timeStamp>1541574909339</timeStamp>
            </startTime>
            <priority>URGENT</priority>
            <duration>5400000</duration>
            <status>QUEUED</status>
            <tagged>Work</tagged>
            <note>A stool to bring outfield for army purposes</note>
        </jobs>
    </machines>
    <machines>
        <machineName>ender</machineName>
        <status>DISABLED</status>
        <jobs>
            <name>pencilholder</name>
            <machine>ender</machine>
            <owner>
                <name>Zhang Bo</name>
                <phone>000</phone>
                <email>0@u.nus.edu</email>
                <address>000</address>
            </owner>
            <addedTime>
                <timeStamp>1541574614910</timeStamp>
            </addedTime>
            <startTime>
                <timeStamp>1541574614910</timeStamp>
            </startTime>
            <priority>NORMAL</priority>
            <duration>1800000</duration>
            <status>QUEUED</status>
            <tagged>Personal</tagged>
            <note>My own personal pencil holder for my dormitory usage</note>
        </jobs>
    </machines>
</MakerManagerMachines>
